station_id,suburb,road_name,period,traffic_count,wgs84_latitude,wgs84_longitude
1,Sydney,Sydney Harbour Tunnel,ALL DAYS,89163,-33.860836,151.213791
2,Sydney,Sydney Harbour Tunnel,AM PEAK,24998,-33.860836,151.213791
3,Sydney,Sydney Harbour Tunnel,OFF PEAK,43575,-33.860836,151.213791
4,Sydney,Sydney Harbour Tunnel,PM PEAK,23367,-33.860836,151.213791
5,Newtown,Enmore Road,ALL DAYS,28335,-33.898201,151.177399
6,Newtown,Enmore Road,AM PEAK,6526,-33.898201,151.177399
7,Newtown,Enmore Road,OFF PEAK,14554,-33.898201,151.177399
8,Newtown,Enmore Road,PM PEAK,7435,-33.898201,151.177399
9,Alexandria,O'riordan Street,ALL DAYS,25358,-33.907532,151.200974
10,Alexandria,O'riordan Street,AM PEAK,6625,-33.907532,151.200974
11,Alexandria,O'riordan Street,OFF PEAK,13409,-33.907532,151.200974
12,Alexandria,O'riordan Street,PM PEAK,6790,-33.907532,151.200974
13,Darlinghurst,Crown Street,ALL DAYS,9641,-33.874722,151.216217
14,Darlinghurst,Crown Street,AM PEAK,2063,-33.874722,151.216217
15,Darlinghurst,Crown Street,OFF PEAK,5378,-33.874722,151.216217
16,Darlinghurst,Crown Street,PM PEAK,2276,-33.874722,151.216217
17,South Grafton,Craig Street,ALL DAYS,23117,-29.697966,152.942108
18,South Grafton,Craig Street,AM PEAK,5367,-29.697966,152.942108
19,South Grafton,Craig Street,OFF PEAK,12438,-29.697966,152.942108
20,South Grafton,Craig Street,PM PEAK,6782,-29.697966,152.942108
21,Pinny Beach,Pacific Highway,ALL DAYS,19779,-33.100418,151.629105
22,Pinny Beach,Pacific Highway,AM PEAK,5448,-33.100418,151.629105
23,Pinny Beach,Pacific Highway,OFF PEAK,8940,-33.100418,151.629105
24,Pinny Beach,Pacific Highway,PM PEAK,6164,-33.100418,151.629105
25,Blue Haven,Pacific Highway,ALL DAYS,20324,-33.208641,151.516586
26,Blue Haven,Pacific Highway,AM PEAK,5277,-33.208641,151.516586
27,Blue Haven,Pacific Highway,OFF PEAK,10188,-33.208641,151.516586
28,Blue Haven,Pacific Highway,PM PEAK,6194,-33.208641,151.516586
29,Millers Forest,Raymond Terrace Road,ALL DAYS,10226,-32.752235,151.72522
30,Millers Forest,Raymond Terrace Road,AM PEAK,3048,-32.752235,151.72522
31,Millers Forest,Raymond Terrace Road,OFF PEAK,4774,-32.752235,151.72522
32,Millers Forest,Raymond Terrace Road,PM PEAK,3518,-32.752235,151.72522
33,Milbrodale,Putty Road,ALL DAYS,659,-32.694839,150.989945
34,Milbrodale,Putty Road,AM PEAK,124,-32.694839,150.989945
35,Milbrodale,Putty Road,OFF PEAK,322,-32.694839,150.989945
36,Milbrodale,Putty Road,PM PEAK,163,-32.694839,150.989945
37,Abermain,Cessnock Road,ALL DAYS,15702,-32.821819,151.419708
38,Abermain,Cessnock Road,AM PEAK,4007,-32.821819,151.419708
39,Abermain,Cessnock Road,OFF PEAK,7835,-32.821819,151.419708
40,Abermain,Cessnock Road,PM PEAK,4855,-32.821819,151.419708
41,Freemans Waterhole,Freemans Drive,ALL DAYS,10226,-32.97062683,151.4822235
42,Freemans Waterhole,Freemans Drive,AM PEAK,2203,-32.97062683,151.4822235
43,Freemans Waterhole,Freemans Drive,OFF PEAK,4713,-32.97062683,151.4822235
44,Freemans Waterhole,Freemans Drive,PM PEAK,2740,-32.97062683,151.4822235
45,Charlestown,Pacific Highway,ALL DAYS,28005,-32.963619,151.695831
46,Charlestown,Pacific Highway,AM PEAK,7516,-32.963619,151.695831
47,Charlestown,Pacific Highway,OFF PEAK,13372,-32.963619,151.695831
48,Charlestown,Pacific Highway,PM PEAK,9222,-32.963619,151.695831
49,New Lambton Heights,Lookout Road,ALL DAYS,43060,-32.92556,151.696289
50,New Lambton Heights,Lookout Road,AM PEAK,11984,-32.92556,151.696289
51,New Lambton Heights,Lookout Road,OFF PEAK,21656,-32.92556,151.696289
52,New Lambton Heights,Lookout Road,PM PEAK,13398,-32.92556,151.696289
53,Waratah,Maud Street,ALL DAYS,18938,-32.896118,151.720154
54,Waratah,Maud Street,AM PEAK,5085,-32.896118,151.720154
55,Waratah,Maud Street,OFF PEAK,11081,-32.896118,151.720154
56,Waratah,Maud Street,PM PEAK,5824,-32.896118,151.720154
57,Argenton,Lake Road,ALL DAYS,25406,-32.941467,151.624649
58,Argenton,Lake Road,AM PEAK,6311,-32.941467,151.624649
59,Argenton,Lake Road,OFF PEAK,13185,-32.941467,151.624649
60,Argenton,Lake Road,PM PEAK,7847,-32.941467,151.624649
61,Redhead,Red Head Road,ALL DAYS,9074,-33.00746536,151.7157898
62,Redhead,Red Head Road,AM PEAK,2378,-33.00746536,151.7157898
63,Redhead,Red Head Road,OFF PEAK,4247,-33.00746536,151.7157898
64,Redhead,Red Head Road,PM PEAK,2911,-33.00746536,151.7157898
65,Belmont,Croudace Bay Road,ALL DAYS,12386,-33.025345,151.650024
66,Belmont,Croudace Bay Road,AM PEAK,3053,-33.025345,151.650024
67,Belmont,Croudace Bay Road,OFF PEAK,5963,-33.025345,151.650024
68,Belmont,Croudace Bay Road,PM PEAK,3889,-33.025345,151.650024
69,Denman,Palace Street,ALL DAYS,2799,-32.380688,150.690872
70,Denman,Palace Street,AM PEAK,589,-32.380688,150.690872
71,Denman,Palace Street,OFF PEAK,1517,-32.380688,150.690872
72,Denman,Palace Street,PM PEAK,765,-32.380688,150.690872
73,Glendale,Main Road,ALL DAYS,23792,-32.928658,151.641113
74,Glendale,Main Road,AM PEAK,7029,-32.928658,151.641113
75,Glendale,Main Road,OFF PEAK,11358,-32.928658,151.641113
76,Glendale,Main Road,PM PEAK,7946,-32.928658,151.641113
77,Kooragang,Nelson Bay Road,ALL DAYS,25261,-32.884647,151.786591
78,Kooragang,Nelson Bay Road,AM PEAK,7357,-32.884647,151.786591
79,Kooragang,Nelson Bay Road,OFF PEAK,11908,-32.884647,151.786591
80,Kooragang,Nelson Bay Road,PM PEAK,7896,-32.884647,151.786591
81,Braemar,Old Hume Highway,ALL DAYS,19993,-34.432686,150.480286
82,Braemar,Old Hume Highway,AM PEAK,4903,-34.432686,150.480286
83,Braemar,Old Hume Highway,OFF PEAK,9471,-34.432686,150.480286
84,Braemar,Old Hume Highway,PM PEAK,6109,-34.432686,150.480286
85,Macquarie Pass,Illawarra Highway,ALL DAYS,3676,-34.566525,150.662857
86,Macquarie Pass,Illawarra Highway,AM PEAK,903,-34.566525,150.662857
87,Macquarie Pass,Illawarra Highway,OFF PEAK,1596,-34.566525,150.662857
88,Macquarie Pass,Illawarra Highway,PM PEAK,1160,-34.566525,150.662857
89,Spring Hill,Five Islands Road,ALL DAYS,37624,-34.465855,150.874085
90,Spring Hill,Five Islands Road,AM PEAK,10473,-34.465855,150.874085
91,Spring Hill,Five Islands Road,OFF PEAK,20099,-34.465855,150.874085
92,Spring Hill,Five Islands Road,PM PEAK,10480,-34.465855,150.874085
93,Gerringong,Fern Street,ALL DAYS,11583,-34.75335693,150.8264313
94,Gerringong,Fern Street,AM PEAK,2551,-34.75335693,150.8264313
95,Gerringong,Fern Street,OFF PEAK,5256,-34.75335693,150.8264313
96,Gerringong,Fern Street,PM PEAK,3428,-34.75335693,150.8264313
97,Port Kembla,Illawarra Street,ALL DAYS,7039,-34.48645,150.901474
98,Port Kembla,Illawarra Street,AM PEAK,1563,-34.48645,150.901474
99,Port Kembla,Illawarra Street,OFF PEAK,3779,-34.48645,150.901474
100,Port Kembla,Illawarra Street,PM PEAK,2117,-34.48645,150.901474
101,Sutton Forest,Hume Highway,ALL DAYS,22634,-34.617638,150.214416
102,Sutton Forest,Hume Highway,AM PEAK,4511,-34.617638,150.214416
103,Sutton Forest,Hume Highway,OFF PEAK,12068,-34.617638,150.214416
104,Sutton Forest,Hume Highway,PM PEAK,5502,-34.617638,150.214416
105,Falls Creek,Jervis Bay Road,ALL DAYS,8614,-34.986893,150.592178
106,Falls Creek,Jervis Bay Road,AM PEAK,2277,-34.986893,150.592178
107,Falls Creek,Jervis Bay Road,OFF PEAK,4067,-34.986893,150.592178
108,Falls Creek,Jervis Bay Road,PM PEAK,2616,-34.986893,150.592178
109,Figtree,Princes Highway,ALL DAYS,26887,-34.439182,150.85762
110,Figtree,Princes Highway,AM PEAK,6357,-34.439182,150.85762
111,Figtree,Princes Highway,OFF PEAK,13145,-34.439182,150.85762
112,Figtree,Princes Highway,PM PEAK,8799,-34.439182,150.85762
113,Menangle Park,Hume Motorway,ALL DAYS,52107,-34.115025,150.759109
114,Menangle Park,Hume Motorway,AM PEAK,12402,-34.115025,150.759109
115,Menangle Park,Hume Motorway,OFF PEAK,26184,-34.115025,150.759109
116,Menangle Park,Hume Motorway,PM PEAK,14290,-34.115025,150.759109
117,Bulli,Princes Highway,ALL DAYS,13224,-34.320358,150.895767
118,Bulli,Princes Highway,AM PEAK,3363,-34.320358,150.895767
119,Bulli,Princes Highway,OFF PEAK,6380,-34.320358,150.895767
120,Bulli,Princes Highway,PM PEAK,3912,-34.320358,150.895767
121,Stony Creek,Princes Highway,ALL DAYS,3468,-36.627476,149.843384
122,Stony Creek,Princes Highway,AM PEAK,929,-36.627476,149.843384
123,Stony Creek,Princes Highway,OFF PEAK,1773,-36.627476,149.843384
124,Stony Creek,Princes Highway,PM PEAK,1034,-36.627476,149.843384
125,Stony Creek,Snowy Mountains Highway,ALL DAYS,1787,-36.631699,149.814713
126,Stony Creek,Snowy Mountains Highway,AM PEAK,428,-36.631699,149.814713
127,Stony Creek,Snowy Mountains Highway,OFF PEAK,867,-36.631699,149.814713
128,Stony Creek,Snowy Mountains Highway,PM PEAK,510,-36.631699,149.814713
129,North Batemans Bay,Princes Highway,ALL DAYS,8733,-35.699673,150.184463
130,North Batemans Bay,Princes Highway,AM PEAK,2046,-35.699673,150.184463
131,North Batemans Bay,Princes Highway,OFF PEAK,4375,-35.699673,150.184463
132,North Batemans Bay,Princes Highway,PM PEAK,2479,-35.699673,150.184463
133,Bodalla,Princes Highway,ALL DAYS,5191,-36.105434,150.056808
134,Bodalla,Princes Highway,AM PEAK,1174,-36.105434,150.056808
135,Bodalla,Princes Highway,OFF PEAK,2756,-36.105434,150.056808
136,Bodalla,Princes Highway,PM PEAK,1423,-36.105434,150.056808
137,Pine Valley,Snowy Mountains Highway,ALL DAYS,3590,-36.241871,149.064804
138,Pine Valley,Snowy Mountains Highway,AM PEAK,895,-36.241871,149.064804
139,Pine Valley,Snowy Mountains Highway,OFF PEAK,1713,-36.241871,149.064804
140,Pine Valley,Snowy Mountains Highway,PM PEAK,1109,-36.241871,149.064804
141,Bunyan,Monaro Highway,ALL DAYS,4343,-36.155613,149.151504
142,Bunyan,Monaro Highway,AM PEAK,920,-36.155613,149.151504
143,Bunyan,Monaro Highway,OFF PEAK,2104,-36.155613,149.151504
144,Bunyan,Monaro Highway,PM PEAK,1258,-36.155613,149.151504
145,Bombala,Monaro Highway,ALL DAYS,1134,-36.893013,149.239685
146,Bombala,Monaro Highway,AM PEAK,263,-36.893013,149.239685
147,Bombala,Monaro Highway,OFF PEAK,604,-36.893013,149.239685
148,Bombala,Monaro Highway,PM PEAK,334,-36.893013,149.239685
149,Canley Heights,Cambridge Street,ALL DAYS,41189,-33.878181,150.924942
150,Canley Heights,Cambridge Street,AM PEAK,9964,-33.878181,150.924942
151,Canley Heights,Cambridge Street,OFF PEAK,21931,-33.878181,150.924942
152,Canley Heights,Cambridge Street,PM PEAK,11218,-33.878181,150.924942
153,Clifton,Lawrence Hargrave Drive,ALL DAYS,4888,-34.259789,150.969467
154,Clifton,Lawrence Hargrave Drive,AM PEAK,947,-34.259789,150.969467
155,Clifton,Lawrence Hargrave Drive,OFF PEAK,2328,-34.259789,150.969467
156,Clifton,Lawrence Hargrave Drive,PM PEAK,1131,-34.259789,150.969467
157,Pagewood,Wentworth Avenue,ALL DAYS,49670,-33.936672,151.209625
158,Pagewood,Wentworth Avenue,AM PEAK,12668,-33.936672,151.209625
159,Pagewood,Wentworth Avenue,OFF PEAK,25116,-33.936672,151.209625
160,Pagewood,Wentworth Avenue,PM PEAK,14391,-33.936672,151.209625
161,St Peters,Canal Road,ALL DAYS,31683,-33.919224,151.177978
162,St Peters,Canal Road,AM PEAK,8089,-33.919224,151.177978
163,St Peters,Canal Road,OFF PEAK,17595,-33.919224,151.177978
164,St Peters,Canal Road,PM PEAK,7372,-33.919224,151.177978
165,Lilyfield,City West Link Road,ALL DAYS,66255,-33.871185,151.172668
166,Lilyfield,City West Link Road,AM PEAK,14058,-33.871185,151.172668
167,Lilyfield,City West Link Road,OFF PEAK,36531,-33.871185,151.172668
168,Lilyfield,City West Link Road,PM PEAK,15533,-33.871185,151.172668
169,Cammeray,Strathallen Avenue,ALL DAYS,23632,-33.817001,151.212357
170,Cammeray,Strathallen Avenue,AM PEAK,6706,-33.817001,151.212357
171,Cammeray,Strathallen Avenue,OFF PEAK,10890,-33.817001,151.212357
172,Cammeray,Strathallen Avenue,PM PEAK,7168,-33.817001,151.212357
173,Mosman,Ourimbah Road,ALL DAYS,23871,-33.822067,151.238358
174,Mosman,Ourimbah Road,AM PEAK,6972,-33.822067,151.238358
175,Mosman,Ourimbah Road,OFF PEAK,10480,-33.822067,151.238358
176,Mosman,Ourimbah Road,PM PEAK,7183,-33.822067,151.238358
177,Brighton-Le-Sands,General Holmes Drive,ALL DAYS,64993,-33.95490646,151.1586761
178,Brighton-Le-Sands,General Holmes Drive,AM PEAK,16027,-33.95490646,151.1586761
179,Brighton-Le-Sands,General Holmes Drive,OFF PEAK,32460,-33.95490646,151.1586761
180,Brighton-Le-Sands,General Holmes Drive,PM PEAK,18842,-33.95490646,151.1586761
181,Arncliffe,Marsh Street,ALL DAYS,57089,-33.934475,151.15831
182,Arncliffe,Marsh Street,AM PEAK,15516,-33.934475,151.15831
183,Arncliffe,Marsh Street,OFF PEAK,31026,-33.934475,151.15831
184,Arncliffe,Marsh Street,PM PEAK,12771,-33.934475,151.15831
185,Wiley Park,King Georges Road,ALL DAYS,66643,-33.922554,151.068237
186,Wiley Park,King Georges Road,AM PEAK,9819,-33.922554,151.068237
187,Wiley Park,King Georges Road,OFF PEAK,39343,-33.922554,151.068237
188,Wiley Park,King Georges Road,PM PEAK,15712,-33.922554,151.068237
189,Roselands,Canterbury Road,ALL DAYS,41024,-33.928268,151.077286
190,Roselands,Canterbury Road,AM PEAK,9699,-33.928268,151.077286
191,Roselands,Canterbury Road,OFF PEAK,22089,-33.928268,151.077286
192,Roselands,Canterbury Road,PM PEAK,10348,-33.928268,151.077286
193,Roselands,King Georges Road,ALL DAYS,74384,-33.934917,151.0737
194,Roselands,King Georges Road,AM PEAK,16342,-33.934917,151.0737
195,Roselands,King Georges Road,OFF PEAK,40854,-33.934917,151.0737
196,Roselands,King Georges Road,PM PEAK,17792,-33.934917,151.0737
197,Kingsgrove,Bexley Road,ALL DAYS,34263,-33.935444,151.111282
198,Kingsgrove,Bexley Road,AM PEAK,8470,-33.935444,151.111282
199,Kingsgrove,Bexley Road,OFF PEAK,16560,-33.935444,151.111282
200,Kingsgrove,Bexley Road,PM PEAK,10154,-33.935444,151.111282
201,Summer Hill,Liverpool Road,ALL DAYS,23684,-33.889008,151.133102
202,Summer Hill,Liverpool Road,AM PEAK,5859,-33.889008,151.133102
203,Summer Hill,Liverpool Road,OFF PEAK,11645,-33.889008,151.133102
204,Summer Hill,Liverpool Road,PM PEAK,7014,-33.889008,151.133102
205,Homebush West,Centenary Drive,ALL DAYS,95423,-33.86327,151.066605
206,Homebush West,Centenary Drive,AM PEAK,22775,-33.86327,151.066605
207,Homebush West,Centenary Drive,OFF PEAK,52959,-33.86327,151.066605
208,Homebush West,Centenary Drive,PM PEAK,21452,-33.86327,151.066605
209,Strathfield South,Liverpool Road,ALL DAYS,53342,-33.887241,151.073135
210,Strathfield South,Liverpool Road,AM PEAK,13615,-33.887241,151.073135
211,Strathfield South,Liverpool Road,OFF PEAK,27016,-33.887241,151.073135
212,Strathfield South,Liverpool Road,PM PEAK,15236,-33.887241,151.073135
213,Rhodes,Concord Road,ALL DAYS,93615,-33.824696,151.093216
214,Rhodes,Concord Road,AM PEAK,22525,-33.824696,151.093216
215,Rhodes,Concord Road,OFF PEAK,48759,-33.824696,151.093216
216,Rhodes,Concord Road,PM PEAK,25198,-33.824696,151.093216
217,Five Dock,Parramatta Road,ALL DAYS,80405,-33.869789,151.112778
218,Five Dock,Parramatta Road,AM PEAK,17191,-33.869789,151.112778
219,Five Dock,Parramatta Road,OFF PEAK,38081,-33.869789,151.112778
220,Five Dock,Parramatta Road,PM PEAK,16144,-33.869789,151.112778
221,Lane Cove,Epping Road,ALL DAYS,39449,-33.812298,151.170197
222,Lane Cove,Epping Road,AM PEAK,9092,-33.812298,151.170197
223,Lane Cove,Epping Road,OFF PEAK,21384,-33.812298,151.170197
224,Lane Cove,Epping Road,PM PEAK,10182,-33.812298,151.170197
225,Lane Cove West,Burns Bay Road,ALL DAYS,39785,-33.821175,151.149902
226,Lane Cove West,Burns Bay Road,AM PEAK,11436,-33.821175,151.149902
227,Lane Cove West,Burns Bay Road,OFF PEAK,19204,-33.821175,151.149902
228,Lane Cove West,Burns Bay Road,PM PEAK,12095,-33.821175,151.149902
229,Lane Cove North,Pacific Highway,ALL DAYS,61721,-33.806141,151.17952
230,Lane Cove North,Pacific Highway,AM PEAK,15333,-33.806141,151.17952
231,Lane Cove North,Pacific Highway,OFF PEAK,32665,-33.806141,151.17952
232,Lane Cove North,Pacific Highway,PM PEAK,15363,-33.806141,151.17952
233,Castlecrag,Eastern Valley Way,ALL DAYS,34591,-33.799751,151.210465
234,Castlecrag,Eastern Valley Way,AM PEAK,8943,-33.799751,151.210465
235,Castlecrag,Eastern Valley Way,OFF PEAK,14240,-33.799751,151.210465
236,Castlecrag,Eastern Valley Way,PM PEAK,9577,-33.799751,151.210465
237,Chatswood,Penshurst Street,ALL DAYS,28812,-33.788738,151.193848
238,Chatswood,Penshurst Street,AM PEAK,8943,-33.788738,151.193848
239,Chatswood,Penshurst Street,OFF PEAK,13955,-33.788738,151.193848
240,Chatswood,Penshurst Street,PM PEAK,7696,-33.788738,151.193848
241,Willoughby,Willoughby Road,ALL DAYS,35509,-33.811386,151.199509
242,Willoughby,Willoughby Road,AM PEAK,10557,-33.811386,151.199509
243,Willoughby,Willoughby Road,OFF PEAK,16523,-33.811386,151.199509
244,Willoughby,Willoughby Road,PM PEAK,10344,-33.811386,151.199509
245,Taren Point,Taren Point Road,ALL DAYS,57578,-34.011719,151.126007
246,Taren Point,Taren Point Road,AM PEAK,15899,-34.011719,151.126007
247,Taren Point,Taren Point Road,OFF PEAK,27275,-34.011719,151.126007
248,Taren Point,Taren Point Road,PM PEAK,18062,-34.011719,151.126007
249,Loftus,Princes Highway,ALL DAYS,57373,-34.054104,151.046188
250,Loftus,Princes Highway,AM PEAK,16016,-34.054104,151.046188
251,Loftus,Princes Highway,OFF PEAK,24877,-34.054104,151.046188
252,Loftus,Princes Highway,PM PEAK,17571,-34.054104,151.046188
253,Engadine,Heathcote Road,ALL DAYS,22851,-34.072643,151.000855
254,Engadine,Heathcote Road,AM PEAK,5982,-34.072643,151.000855
255,Engadine,Heathcote Road,OFF PEAK,10720,-34.072643,151.000855
256,Engadine,Heathcote Road,PM PEAK,6909,-34.072643,151.000855
257,Padstow Heights,Alfords Point Road,ALL DAYS,43920,-33.977142,151.030533
258,Padstow Heights,Alfords Point Road,AM PEAK,10824,-33.977142,151.030533
259,Padstow Heights,Alfords Point Road,OFF PEAK,19584,-33.977142,151.030533
260,Padstow Heights,Alfords Point Road,PM PEAK,6478,-33.977142,151.030533
261,Padstow,Henry Lawson Drive,ALL DAYS,38488,-33.963131,151.04187
262,Padstow,Henry Lawson Drive,AM PEAK,11402,-33.963131,151.04187
263,Padstow,Henry Lawson Drive,OFF PEAK,15541,-33.963131,151.04187
264,Padstow,Henry Lawson Drive,PM PEAK,13313,-33.963131,151.04187
265,Regents Park,Joseph Street,ALL DAYS,61424,-33.88764954,151.0394897
266,Regents Park,Joseph Street,AM PEAK,17299,-33.88764954,151.0394897
267,Regents Park,Joseph Street,OFF PEAK,30526,-33.88764954,151.0394897
268,Regents Park,Joseph Street,PM PEAK,18410,-33.88764954,151.0394897
269,Bankstown,Fairford Road,ALL DAYS,54706,-33.926025,151.038132
270,Bankstown,Fairford Road,AM PEAK,13264,-33.926025,151.038132
271,Bankstown,Fairford Road,OFF PEAK,29089,-33.926025,151.038132
272,Bankstown,Fairford Road,PM PEAK,16391,-33.926025,151.038132
273,Greenacre,Hume Highway,ALL DAYS,54099,-33.90515137,151.0413513
274,Greenacre,Hume Highway,AM PEAK,12820,-33.90515137,151.0413513
275,Greenacre,Hume Highway,OFF PEAK,29878,-33.90515137,151.0413513
276,Greenacre,Hume Highway,PM PEAK,12900,-33.90515137,151.0413513
277,Padstow,Davies Road,ALL DAYS,40536,-33.961929,151.037201
278,Padstow,Davies Road,AM PEAK,11635,-33.961929,151.037201
279,Padstow,Davies Road,OFF PEAK,18656,-33.961929,151.037201
280,Padstow,Davies Road,PM PEAK,12068,-33.961929,151.037201
281,Villawood,Hume Highway,ALL DAYS,50143,-33.88992691,150.973999
282,Villawood,Hume Highway,AM PEAK,12300,-33.88992691,150.973999
283,Villawood,Hume Highway,OFF PEAK,25774,-33.88992691,150.973999
284,Villawood,Hume Highway,PM PEAK,13960,-33.88992691,150.973999
285,Lansvale,Hume Highway,ALL DAYS,62666,-33.89113235,150.9658966
286,Lansvale,Hume Highway,AM PEAK,15091,-33.89113235,150.9658966
287,Lansvale,Hume Highway,OFF PEAK,32264,-33.89113235,150.9658966
288,Lansvale,Hume Highway,PM PEAK,17528,-33.89113235,150.9658966
289,Auburn,Parramatta Road,ALL DAYS,32280,-33.83889,151.029022
290,Auburn,Parramatta Road,AM PEAK,6409,-33.83889,151.029022
291,Auburn,Parramatta Road,OFF PEAK,18869,-33.83889,151.029022
292,Auburn,Parramatta Road,PM PEAK,8124,-33.83889,151.029022
293,Rydalmere,Silverwater Road,ALL DAYS,64247,-33.823917,151.051331
294,Rydalmere,Silverwater Road,AM PEAK,18909,-33.823917,151.051331
295,Rydalmere,Silverwater Road,OFF PEAK,29954,-33.823917,151.051331
296,Rydalmere,Silverwater Road,PM PEAK,19966,-33.823917,151.051331
297,Parramatta,Victoria Road,ALL DAYS,57243,-33.809143,151.025696
298,Parramatta,Victoria Road,AM PEAK,16754,-33.809143,151.025696
299,Parramatta,Victoria Road,OFF PEAK,29285,-33.809143,151.025696
300,Parramatta,Victoria Road,PM PEAK,17654,-33.809143,151.025696
301,Carlingford,Marsden Road,ALL DAYS,27301,-33.78928,151.062759
302,Carlingford,Marsden Road,AM PEAK,7081,-33.78928,151.062759
303,Carlingford,Marsden Road,OFF PEAK,13685,-33.78928,151.062759
304,Carlingford,Marsden Road,PM PEAK,7118,-33.78928,151.062759
305,Ermington,Silverwater Road,ALL DAYS,29395,-33.807297,151.053345
306,Ermington,Silverwater Road,AM PEAK,6617,-33.807297,151.053345
307,Ermington,Silverwater Road,OFF PEAK,11903,-33.807297,151.053345
308,Ermington,Silverwater Road,PM PEAK,9816,-33.807297,151.053345
309,North Parramatta,Church Street,ALL DAYS,31580,-33.794579,151.000626
310,North Parramatta,Church Street,AM PEAK,8114,-33.794579,151.000626
311,North Parramatta,Church Street,OFF PEAK,16075,-33.794579,151.000626
312,North Parramatta,Church Street,PM PEAK,9294,-33.794579,151.000626
313,Ryde,Victoria Road,ALL DAYS,58366,-33.81551,151.101105
314,Ryde,Victoria Road,AM PEAK,15902,-33.81551,151.101105
315,Ryde,Victoria Road,OFF PEAK,29701,-33.81551,151.101105
316,Ryde,Victoria Road,PM PEAK,15997,-33.81551,151.101105
317,North Ryde,Epping Road,ALL DAYS,50779,-33.798531,151.138992
318,North Ryde,Epping Road,AM PEAK,13048,-33.798531,151.138992
319,North Ryde,Epping Road,OFF PEAK,25138,-33.798531,151.138992
320,North Ryde,Epping Road,PM PEAK,15289,-33.798531,151.138992
321,Gordon,Pacific Highway,ALL DAYS,50155,-33.75317,151.151077
322,Gordon,Pacific Highway,AM PEAK,13774,-33.75317,151.151077
323,Gordon,Pacific Highway,OFF PEAK,25068,-33.75317,151.151077
324,Gordon,Pacific Highway,PM PEAK,13125,-33.75317,151.151077
325,St Ives,Eastern Arterial Road,ALL DAYS,14937,-33.75,151.1734161
326,St Ives,Eastern Arterial Road,AM PEAK,3903,-33.75,151.1734161
327,St Ives,Eastern Arterial Road,OFF PEAK,6923,-33.75,151.1734161
328,St Ives,Eastern Arterial Road,PM PEAK,4905,-33.75,151.1734161
329,Killara,Pacific Highway,ALL DAYS,46497,-33.761337,151.154983
330,Killara,Pacific Highway,AM PEAK,12304,-33.761337,151.154983
331,Killara,Pacific Highway,OFF PEAK,23682,-33.761337,151.154983
332,Killara,Pacific Highway,PM PEAK,12074,-33.761337,151.154983
333,Wahroonga,Pacific Highway,ALL DAYS,61415,-33.718727,151.110672
334,Wahroonga,Pacific Highway,AM PEAK,15708,-33.718727,151.110672
335,Wahroonga,Pacific Highway,OFF PEAK,30427,-33.718727,151.110672
336,Wahroonga,Pacific Highway,PM PEAK,15793,-33.718727,151.110672
337,North Narrabeen,Pittwater Road,ALL DAYS,58526,-33.706745,151.297028
338,North Narrabeen,Pittwater Road,AM PEAK,15159,-33.706745,151.297028
339,North Narrabeen,Pittwater Road,OFF PEAK,27919,-33.706745,151.297028
340,North Narrabeen,Pittwater Road,PM PEAK,18059,-33.706745,151.297028
341,Beacon Hill,Warringah Road,ALL DAYS,54781,-33.753216,151.257523
342,Beacon Hill,Warringah Road,AM PEAK,14953,-33.753216,151.257523
343,Beacon Hill,Warringah Road,OFF PEAK,25605,-33.753216,151.257523
344,Beacon Hill,Warringah Road,PM PEAK,16971,-33.753216,151.257523
345,Beacon Hill,Warringah Road,ALL DAYS,48463,-33.753262,151.257889
346,Belrose,Mona Vale Road,ALL DAYS,52629,-33.701229,151.211594
347,Belrose,Mona Vale Road,AM PEAK,15332,-33.701229,151.211594
348,Belrose,Mona Vale Road,OFF PEAK,23128,-33.701229,151.211594
349,Belrose,Mona Vale Road,PM PEAK,16192,-33.701229,151.211594
350,Ingleside,Mona Vale Road,ALL DAYS,33718,-33.686592,151.256943
351,Ingleside,Mona Vale Road,AM PEAK,9801,-33.686592,151.256943
352,Ingleside,Mona Vale Road,OFF PEAK,15249,-33.686592,151.256943
353,Ingleside,Mona Vale Road,PM PEAK,10343,-33.686592,151.256943
354,Belrose,Forest Way,ALL DAYS,38822,-33.725773,151.219788
355,Belrose,Forest Way,AM PEAK,10966,-33.725773,151.219788
356,Belrose,Forest Way,OFF PEAK,19361,-33.725773,151.219788
357,Belrose,Forest Way,PM PEAK,10827,-33.725773,151.219788
358,Liverpool,Hume Highway,ALL DAYS,72269,-33.937553,150.913849
359,Liverpool,Hume Highway,AM PEAK,17156,-33.937553,150.913849
360,Liverpool,Hume Highway,OFF PEAK,37142,-33.937553,150.913849
361,Liverpool,Hume Highway,PM PEAK,20652,-33.937553,150.913849
362,Liverpool,Elizabeth Drive,ALL DAYS,45393,-33.914284,150.907883
363,Liverpool,Elizabeth Drive,AM PEAK,10748,-33.914284,150.907883
364,Liverpool,Elizabeth Drive,OFF PEAK,23086,-33.914284,150.907883
365,Liverpool,Elizabeth Drive,PM PEAK,13794,-33.914284,150.907883
366,Meadow Flat,Great Western Highway,ALL DAYS,8487,-33.437302,149.929047
367,Meadow Flat,Great Western Highway,AM PEAK,1815,-33.437302,149.929047
368,Meadow Flat,Great Western Highway,OFF PEAK,4160,-33.437302,149.929047
369,Meadow Flat,Great Western Highway,PM PEAK,2316,-33.437302,149.929047
370,Raglan,Sydney Road,ALL DAYS,9624,-33.424236,149.665482
371,Raglan,Sydney Road,AM PEAK,2174,-33.424236,149.665482
372,Raglan,Sydney Road,OFF PEAK,4701,-33.424236,149.665482
373,Raglan,Sydney Road,PM PEAK,2698,-33.424236,149.665482
374,Woodburn,Pacific Highway,ALL DAYS,9958,-29.066118,153.360901
375,Woodburn,Pacific Highway,AM PEAK,1901,-29.066118,153.360901
376,Woodburn,Pacific Highway,OFF PEAK,5742,-29.066118,153.360901
377,Woodburn,Pacific Highway,PM PEAK,2366,-29.066118,153.360901
378,Wardell,Pacific Highway,ALL DAYS,12554,-28.952976,153.464539
379,Wardell,Pacific Highway,AM PEAK,2653,-28.952976,153.464539
380,Wardell,Pacific Highway,OFF PEAK,6922,-28.952976,153.464539
381,Wardell,Pacific Highway,PM PEAK,3158,-28.952976,153.464539
382,Nabiac,Pacific Highway,ALL DAYS,18121,-32.088028,152.405975
383,Nabiac,Pacific Highway,AM PEAK,3689,-32.088028,152.405975
384,Nabiac,Pacific Highway,OFF PEAK,9784,-32.088028,152.405975
385,Nabiac,Pacific Highway,PM PEAK,4471,-32.088028,152.405975
386,Kiwarrak,Pacific Highway,ALL DAYS,21653,-31.968466,152.463989
387,Kiwarrak,Pacific Highway,AM PEAK,4972,-31.968466,152.463989
388,Kiwarrak,Pacific Highway,OFF PEAK,11518,-31.968466,152.463989
389,Kiwarrak,Pacific Highway,PM PEAK,5809,-31.968466,152.463989
390,Lake Innes,Pacific Highway,ALL DAYS,16272,-31.515654,152.794846
391,Lake Innes,Pacific Highway,AM PEAK,3831,-31.515654,152.794846
392,Lake Innes,Pacific Highway,OFF PEAK,8490,-31.515654,152.794846
393,Lake Innes,Pacific Highway,PM PEAK,4399,-31.515654,152.794846
394,Inverell,Gwydir Highway,ALL DAYS,1446,-29.777054,151.170212
395,Inverell,Gwydir Highway,AM PEAK,355,-29.777054,151.170212
396,Inverell,Gwydir Highway,OFF PEAK,764,-29.777054,151.170212
397,Inverell,Gwydir Highway,PM PEAK,428,-29.777054,151.170212
398,Bowning,Hume Highway,ALL DAYS,15704,-34.791008,148.86348
399,Bowning,Hume Highway,AM PEAK,2676,-34.791008,148.86348
400,Bowning,Hume Highway,OFF PEAK,8855,-34.791008,148.86348
401,Bowning,Hume Highway,PM PEAK,4113,-34.791008,148.86348
402,Forbes,Newell Highway,ALL DAYS,2533,-33.410191,147.969162
403,Forbes,Newell Highway,AM PEAK,539,-33.410191,147.969162
404,Forbes,Newell Highway,OFF PEAK,1393,-33.410191,147.969162
405,Forbes,Newell Highway,PM PEAK,666,-33.410191,147.969162
406,Wyalong,Newell Highway,ALL DAYS,2143,-33.924194,147.258545
407,Wyalong,Newell Highway,AM PEAK,430,-33.924194,147.258545
408,Wyalong,Newell Highway,OFF PEAK,1215,-33.924194,147.258545
409,Wyalong,Newell Highway,PM PEAK,537,-33.924194,147.258545
410,Forbes,Newell Highway,ALL DAYS,2532,-33.410091,147.969513
411,Forbes,Newell Highway,AM PEAK,533,-33.410091,147.969513
412,Forbes,Newell Highway,OFF PEAK,1392,-33.410091,147.969513
413,Forbes,Newell Highway,PM PEAK,669,-33.410091,147.969513
414,Eumungerie,Newell Highway,ALL DAYS,2810,-31.995474,148.579636
415,Eumungerie,Newell Highway,AM PEAK,694,-31.995474,148.579636
416,Eumungerie,Newell Highway,OFF PEAK,1465,-31.995474,148.579636
417,Eumungerie,Newell Highway,PM PEAK,789,-31.995474,148.579636
418,Tomingley,Newell Highway,ALL DAYS,2727,-32.657825,148.199264
419,Tomingley,Newell Highway,AM PEAK,631,-32.657825,148.199264
420,Tomingley,Newell Highway,OFF PEAK,1437,-32.657825,148.199264
421,Tomingley,Newell Highway,PM PEAK,725,-32.657825,148.199264
422,Tomingley,Newell Highway,ALL DAYS,2737,-32.657585,148.199356
423,Tomingley,Newell Highway,AM PEAK,631,-32.657585,148.199356
424,Tomingley,Newell Highway,OFF PEAK,1443,-32.657585,148.199356
425,Tomingley,Newell Highway,PM PEAK,725,-32.657585,148.199356
426,Rixs Creek,New England Highway,ALL DAYS,13293,-32.532272,151.139435
427,Rixs Creek,New England Highway,AM PEAK,3622,-32.532272,151.139435
428,Rixs Creek,New England Highway,OFF PEAK,6773,-32.532272,151.139435
429,Rixs Creek,New England Highway,PM PEAK,4265,-32.532272,151.139435
430,Muswellbrook,New England Highway,ALL DAYS,9171,-32.300934,150.932449
431,Muswellbrook,New England Highway,AM PEAK,2276,-32.300934,150.932449
432,Muswellbrook,New England Highway,OFF PEAK,4743,-32.300934,150.932449
433,Muswellbrook,New England Highway,PM PEAK,2633,-32.300934,150.932449
434,Muswellbrook,New England Highway,ALL DAYS,10147,-32.237709,150.903046
435,Muswellbrook,New England Highway,AM PEAK,2402,-32.237709,150.903046
436,Muswellbrook,New England Highway,OFF PEAK,5325,-32.237709,150.903046
437,Muswellbrook,New England Highway,PM PEAK,3037,-32.237709,150.903046
438,Aberdeen,New England Highway,ALL DAYS,10151,-32.179447,150.889908
439,Aberdeen,New England Highway,AM PEAK,2398,-32.179447,150.889908
440,Aberdeen,New England Highway,OFF PEAK,5338,-32.179447,150.889908
441,Aberdeen,New England Highway,PM PEAK,3043,-32.179447,150.889908
442,Merriwa,Golden Highway,ALL DAYS,2076,-32.155666,150.392487
443,Merriwa,Golden Highway,AM PEAK,405,-32.155666,150.392487
444,Merriwa,Golden Highway,OFF PEAK,1156,-32.155666,150.392487
445,Merriwa,Golden Highway,PM PEAK,540,-32.155666,150.392487
446,Sandy Hollow,Merriwa Road,ALL DAYS,2177,-32.327095,150.537567
447,Sandy Hollow,Merriwa Road,AM PEAK,424,-32.327095,150.537567
448,Sandy Hollow,Merriwa Road,OFF PEAK,1211,-32.327095,150.537567
449,Sandy Hollow,Merriwa Road,PM PEAK,566,-32.327095,150.537567
450,Gunnedah,Oxley Highway,ALL DAYS,3470,-30.979286,150.307693
451,Gunnedah,Oxley Highway,AM PEAK,925,-30.979286,150.307693
452,Gunnedah,Oxley Highway,OFF PEAK,1698,-30.979286,150.307693
453,Gunnedah,Oxley Highway,PM PEAK,1066,-30.979286,150.307693
454,Westdale,Oxley Highway,ALL DAYS,3744,-31.063797,150.833038
455,Westdale,Oxley Highway,AM PEAK,962,-31.063797,150.833038
456,Westdale,Oxley Highway,OFF PEAK,1873,-31.063797,150.833038
457,Westdale,Oxley Highway,PM PEAK,1132,-31.063797,150.833038
458,Molong,Mitchell Highway,ALL DAYS,2523,-33.052498,148.862244
459,Molong,Mitchell Highway,AM PEAK,576,-33.052498,148.862244
460,Molong,Mitchell Highway,OFF PEAK,1286,-33.052498,148.862244
461,Molong,Mitchell Highway,PM PEAK,704,-33.052498,148.862244
462,Cundumbul,Mitchell Highway,ALL DAYS,2384,-32.829884,148.905258
463,Cundumbul,Mitchell Highway,AM PEAK,543,-32.829884,148.905258
464,Cundumbul,Mitchell Highway,OFF PEAK,1205,-32.829884,148.905258
465,Cundumbul,Mitchell Highway,PM PEAK,657,-32.829884,148.905258
466,Cordeaux,Picton Road,ALL DAYS,20093,-34.372967,150.829529
467,Cordeaux,Picton Road,AM PEAK,5224,-34.372967,150.829529
468,Cordeaux,Picton Road,OFF PEAK,9375,-34.372967,150.829529
469,Cordeaux,Picton Road,PM PEAK,5780,-34.372967,150.829529
470,Wilton,Picton Road,ALL DAYS,19429,-34.272804,150.714188
471,Wilton,Picton Road,AM PEAK,5325,-34.272804,150.714188
472,Wilton,Picton Road,OFF PEAK,9123,-34.272804,150.714188
473,Wilton,Picton Road,PM PEAK,5839,-34.272804,150.714188
474,Mount Victoria,Great Western Highway,ALL DAYS,11337,-33.582989,150.240768
475,Mount Victoria,Great Western Highway,AM PEAK,2389,-33.582989,150.240768
476,Mount Victoria,Great Western Highway,OFF PEAK,5493,-33.582989,150.240768
477,Mount Victoria,Great Western Highway,PM PEAK,2993,-33.582989,150.240768
478,Hartley,Great Western Highway,ALL DAYS,8687,-33.530327,150.153626
479,Hartley,Great Western Highway,AM PEAK,1733,-33.530327,150.153626
480,Hartley,Great Western Highway,OFF PEAK,4191,-33.530327,150.153626
481,Hartley,Great Western Highway,PM PEAK,2239,-33.530327,150.153626
482,Bective,Oxley Highway,ALL DAYS,3173,-30.984961,150.768204
483,Bective,Oxley Highway,AM PEAK,818,-30.984961,150.768204
484,Bective,Oxley Highway,OFF PEAK,1599,-30.984961,150.768204
485,Bective,Oxley Highway,PM PEAK,962,-30.984961,150.768204
486,Casula,Hume Highway,ALL DAYS,50737,-33.956684,150.891098
487,Casula,Hume Highway,AM PEAK,11627,-33.956684,150.891098
488,Casula,Hume Highway,OFF PEAK,27179,-33.956684,150.891098
489,Casula,Hume Highway,PM PEAK,13860,-33.956684,150.891098
490,Bonnyrigg,Elizabeth Drive,ALL DAYS,40459,-33.889923,150.883972
491,Bonnyrigg,Elizabeth Drive,AM PEAK,10072,-33.889923,150.883972
492,Bonnyrigg,Elizabeth Drive,OFF PEAK,19659,-33.889923,150.883972
493,Bonnyrigg,Elizabeth Drive,PM PEAK,12281,-33.889923,150.883972
494,Fairfield,The Horsley Drive,ALL DAYS,41408,-33.870174,150.96106
495,Fairfield,The Horsley Drive,AM PEAK,10622,-33.870174,150.96106
496,Fairfield,The Horsley Drive,OFF PEAK,22018,-33.870174,150.96106
497,Fairfield,The Horsley Drive,PM PEAK,12475,-33.870174,150.96106
498,Smithfield,Warren Road,ALL DAYS,65207,-33.850235,150.944809
499,Smithfield,Warren Road,AM PEAK,17294,-33.850235,150.944809
500,Smithfield,Warren Road,OFF PEAK,34956,-33.850235,150.944809
501,Smithfield,Warren Road,PM PEAK,18220,-33.850235,150.944809
502,Fairfield East,Fairfield Street,ALL DAYS,20510,-33.869324,150.963486
503,Fairfield East,Fairfield Street,AM PEAK,4853,-33.869324,150.963486
504,Fairfield East,Fairfield Street,OFF PEAK,10711,-33.869324,150.963486
505,Fairfield East,Fairfield Street,PM PEAK,6191,-33.869324,150.963486
506,Seven Hills,Prospect Highway,ALL DAYS,41208,-33.774277,150.935242
507,Seven Hills,Prospect Highway,AM PEAK,10621,-33.774277,150.935242
508,Seven Hills,Prospect Highway,OFF PEAK,20779,-33.774277,150.935242
509,Seven Hills,Prospect Highway,PM PEAK,13476,-33.774277,150.935242
510,Blacktown,Sunnyholt Road,ALL DAYS,36181,-33.769943,150.912094
511,Blacktown,Sunnyholt Road,AM PEAK,8254,-33.769943,150.912094
512,Blacktown,Sunnyholt Road,OFF PEAK,19344,-33.769943,150.912094
513,Blacktown,Sunnyholt Road,PM PEAK,9921,-33.769943,150.912094
514,Blacktown,Lancaster Street,ALL DAYS,17605,-33.76589203,150.8929749
515,Blacktown,Lancaster Street,AM PEAK,4179,-33.76589203,150.8929749
516,Blacktown,Lancaster Street,OFF PEAK,8185,-33.76589203,150.8929749
517,Blacktown,Lancaster Street,PM PEAK,5894,-33.76589203,150.8929749
518,Blacktown,Balmoral Street,ALL DAYS,32437,-33.767948,150.904663
519,Blacktown,Balmoral Street,AM PEAK,6586,-33.767948,150.904663
520,Blacktown,Balmoral Street,OFF PEAK,16880,-33.767948,150.904663
521,Blacktown,Balmoral Street,PM PEAK,9519,-33.767948,150.904663
522,Greystanes,Great Western Highway,ALL DAYS,40482,-33.806572,150.932541
523,Greystanes,Great Western Highway,AM PEAK,12005,-33.806572,150.932541
524,Greystanes,Great Western Highway,OFF PEAK,19611,-33.806572,150.932541
525,Greystanes,Great Western Highway,PM PEAK,13246,-33.806572,150.932541
526,Rooty Hill,Eastern Road,ALL DAYS,21167,-33.771648,150.857834
527,Rooty Hill,Eastern Road,AM PEAK,5337,-33.771648,150.857834
528,Rooty Hill,Eastern Road,OFF PEAK,10046,-33.771648,150.857834
529,Rooty Hill,Eastern Road,PM PEAK,6647,-33.771648,150.857834
530,Rouse Hill,Windsor Road,ALL DAYS,54578,-33.699543,150.928497
531,Rouse Hill,Windsor Road,AM PEAK,13658,-33.699543,150.928497
532,Rouse Hill,Windsor Road,OFF PEAK,29124,-33.699543,150.928497
533,Rouse Hill,Windsor Road,PM PEAK,14264,-33.699543,150.928497
534,Campbelltown,Broughton Street,ALL DAYS,26730,-34.066612,150.81958
535,Campbelltown,Broughton Street,AM PEAK,6297,-34.066612,150.81958
536,Campbelltown,Broughton Street,OFF PEAK,13365,-34.066612,150.81958
537,Campbelltown,Broughton Street,PM PEAK,8980,-34.066612,150.81958
538,Glendenning,Richmond Road,ALL DAYS,35756,-33.741375,150.866013
539,Glendenning,Richmond Road,AM PEAK,9011,-33.741375,150.866013
540,Glendenning,Richmond Road,OFF PEAK,17704,-33.741375,150.866013
541,Glendenning,Richmond Road,PM PEAK,10533,-33.741375,150.866013
542,Mount Druitt,Carlisle Avenue,ALL DAYS,45476,-33.769043,150.816498
543,Mount Druitt,Carlisle Avenue,AM PEAK,9612,-33.769043,150.816498
544,Mount Druitt,Carlisle Avenue,OFF PEAK,24311,-33.769043,150.816498
545,Mount Druitt,Carlisle Avenue,PM PEAK,13525,-33.769043,150.816498
546,Wiley Park,Canterbury Road,ALL DAYS,28266,-33.929409,151.072479
547,Wiley Park,Canterbury Road,AM PEAK,6009,-33.929409,151.072479
548,Wiley Park,Canterbury Road,OFF PEAK,15671,-33.929409,151.072479
549,Wiley Park,Canterbury Road,PM PEAK,7074,-33.929409,151.072479
550,Merrylands,Hawkesbury Road,ALL DAYS,30873,-33.817974,150.981827
551,Merrylands,Hawkesbury Road,AM PEAK,7957,-33.817974,150.981827
552,Merrylands,Hawkesbury Road,OFF PEAK,15808,-33.817974,150.981827
553,Merrylands,Hawkesbury Road,PM PEAK,8588,-33.817974,150.981827
554,St Marys,Pages Road,ALL DAYS,27289,-33.769588,150.768738
555,St Marys,Pages Road,AM PEAK,6894,-33.769588,150.768738
556,St Marys,Pages Road,OFF PEAK,13986,-33.769588,150.768738
557,St Marys,Pages Road,PM PEAK,7544,-33.769588,150.768738
558,Milperra,Newbridge Road,ALL DAYS,42039,-33.92949295,150.9801636
559,Milperra,Newbridge Road,AM PEAK,10870,-33.92949295,150.9801636
560,Milperra,Newbridge Road,OFF PEAK,22286,-33.92949295,150.9801636
561,Milperra,Newbridge Road,PM PEAK,12432,-33.92949295,150.9801636
562,Baulkham Hills,Windsor Road,ALL DAYS,38701,-33.740467,150.984421
563,Baulkham Hills,Windsor Road,AM PEAK,11654,-33.740467,150.984421
564,Baulkham Hills,Windsor Road,OFF PEAK,14727,-33.740467,150.984421
565,Baulkham Hills,Windsor Road,PM PEAK,9442,-33.740467,150.984421
566,North Rocks,Renown Road,ALL DAYS,17150,-33.765114,151.009125
567,North Rocks,Renown Road,AM PEAK,4919,-33.765114,151.009125
568,North Rocks,Renown Road,OFF PEAK,7481,-33.765114,151.009125
569,North Rocks,Renown Road,PM PEAK,6077,-33.765114,151.009125
570,Croydon Park,Georges River Road,ALL DAYS,26613,-33.894714,151.110962
571,Croydon Park,Georges River Road,AM PEAK,6741,-33.894714,151.110962
572,Croydon Park,Georges River Road,OFF PEAK,13274,-33.894714,151.110962
573,Croydon Park,Georges River Road,PM PEAK,7519,-33.894714,151.110962
574,Dural,Old Northern Road,ALL DAYS,17136,-33.699642,151.01561
575,Dural,Old Northern Road,AM PEAK,5073,-33.699642,151.01561
576,Dural,Old Northern Road,OFF PEAK,8846,-33.699642,151.01561
577,Dural,Old Northern Road,PM PEAK,4656,-33.699642,151.01561
578,Wahroonga,Pacific Highway,ALL DAYS,34381,-33.717724,151.108383
579,Wahroonga,Pacific Highway,AM PEAK,8479,-33.717724,151.108383
580,Wahroonga,Pacific Highway,OFF PEAK,17502,-33.717724,151.108383
581,Wahroonga,Pacific Highway,PM PEAK,9655,-33.717724,151.108383
582,Pennant Hills,Pennant Hills Road,ALL DAYS,62549,-33.740452,151.059372
583,Pennant Hills,Pennant Hills Road,AM PEAK,16465,-33.740452,151.059372
584,Pennant Hills,Pennant Hills Road,OFF PEAK,31850,-33.740452,151.059372
585,Pennant Hills,Pennant Hills Road,PM PEAK,15698,-33.740452,151.059372
586,Asquith,Pacific Highway,ALL DAYS,19184,-33.684055,151.110504
587,Asquith,Pacific Highway,AM PEAK,5157,-33.684055,151.110504
588,Asquith,Pacific Highway,OFF PEAK,8821,-33.684055,151.110504
589,Asquith,Pacific Highway,PM PEAK,6179,-33.684055,151.110504
590,Cherrybrook,New Line Road,ALL DAYS,29546,-33.723019,151.036606
591,Cherrybrook,New Line Road,AM PEAK,7942,-33.723019,151.036606
592,Cherrybrook,New Line Road,OFF PEAK,14179,-33.723019,151.036606
593,Cherrybrook,New Line Road,PM PEAK,8402,-33.723019,151.036606
594,Cheltenham,Beecroft Road,ALL DAYS,30915,-33.760658,151.07962
595,Cheltenham,Beecroft Road,AM PEAK,8595,-33.760658,151.07962
596,Cheltenham,Beecroft Road,OFF PEAK,14999,-33.760658,151.07962
597,Cheltenham,Beecroft Road,PM PEAK,8701,-33.760658,151.07962
598,Epping,Epping Road,ALL DAYS,56137,-33.773907,151.082626
599,Epping,Epping Road,OFF PEAK,14359,-33.773907,151.082626
600,Epping,Epping Road,PM PEAK,15727,-33.773907,151.082626
601,Cowan,Pacific Highway,ALL DAYS,3270,-33.541714,151.198547
602,Cowan,Pacific Highway,AM PEAK,728,-33.541714,151.198547
603,Cowan,Pacific Highway,OFF PEAK,1414,-33.541714,151.198547
604,Cowan,Pacific Highway,PM PEAK,758,-33.541714,151.198547
605,Leumeah,Campbelltown Road,ALL DAYS,44122,-34.050945,150.825409
606,Leumeah,Campbelltown Road,AM PEAK,11402,-34.050945,150.825409
607,Leumeah,Campbelltown Road,OFF PEAK,23518,-34.050945,150.825409
608,Leumeah,Campbelltown Road,PM PEAK,12684,-34.050945,150.825409
609,Werrington,Great Western Highway,ALL DAYS,40510,-33.769199,150.761856
610,Werrington,Great Western Highway,AM PEAK,10222,-33.769199,150.761856
611,Werrington,Great Western Highway,OFF PEAK,20598,-33.769199,150.761856
612,Werrington,Great Western Highway,PM PEAK,12634,-33.769199,150.761856
613,Kingswood,Parker Street,ALL DAYS,42277,-33.756058,150.712326
614,Kingswood,Parker Street,AM PEAK,10287,-33.756058,150.712326
615,Kingswood,Parker Street,OFF PEAK,21663,-33.756058,150.712326
616,Kingswood,Parker Street,PM PEAK,11977,-33.756058,150.712326
617,Penrith,Great Western Highway,ALL DAYS,22843,-33.746132,150.681915
618,Penrith,Great Western Highway,AM PEAK,5767,-33.746132,150.681915
619,Penrith,Great Western Highway,OFF PEAK,12105,-33.746132,150.681915
620,Penrith,Great Western Highway,PM PEAK,6428,-33.746132,150.681915
621,Yarra,Federal Highway,ALL DAYS,13209,-34.817825,149.601578
622,Yarra,Federal Highway,AM PEAK,2643,-34.817825,149.601578
623,Yarra,Federal Highway,OFF PEAK,6299,-34.817825,149.601578
624,Yarra,Federal Highway,PM PEAK,4018,-34.817825,149.601578
625,Kingsdale,Crookwell Road,ALL DAYS,2283,-34.68050385,149.6904755
626,Kingsdale,Crookwell Road,AM PEAK,587,-34.68050385,149.6904755
627,Kingsdale,Crookwell Road,OFF PEAK,1060,-34.68050385,149.6904755
628,Kingsdale,Crookwell Road,PM PEAK,713,-34.68050385,149.6904755
629,Bungendore,Kings Highway,ALL DAYS,5092,-35.249474,149.490677
630,Bungendore,Kings Highway,AM PEAK,1071,-35.249474,149.490677
631,Bungendore,Kings Highway,OFF PEAK,2188,-35.249474,149.490677
632,Bungendore,Kings Highway,PM PEAK,1511,-35.249474,149.490677
633,Sutton,Sutton Road,ALL DAYS,2939,-35.214867,149.271011
634,Sutton,Sutton Road,AM PEAK,863,-35.214867,149.271011
635,Sutton,Sutton Road,OFF PEAK,1219,-35.214867,149.271011
636,Sutton,Sutton Road,PM PEAK,997,-35.214867,149.271011
637,Miranda,Kingsway,ALL DAYS,24023,-34.033203,151.092529
638,Miranda,Kingsway,AM PEAK,4783,-34.033203,151.092529
639,Miranda,Kingsway,OFF PEAK,12005,-34.033203,151.092529
640,Miranda,Kingsway,PM PEAK,7592,-34.033203,151.092529
641,Ryde,Victoria Road,ALL DAYS,50431,-33.819687,151.117416
642,Ryde,Victoria Road,AM PEAK,12944,-33.819687,151.117416
643,Ryde,Victoria Road,OFF PEAK,25264,-33.819687,151.117416
644,Ryde,Victoria Road,PM PEAK,13837,-33.819687,151.117416
645,Strathfield,The Boulevarde,ALL DAYS,21493,-33.877975,151.093185
646,Strathfield,The Boulevarde,AM PEAK,5709,-33.877975,151.093185
647,Strathfield,The Boulevarde,OFF PEAK,10329,-33.877975,151.093185
648,Strathfield,The Boulevarde,PM PEAK,6548,-33.877975,151.093185
649,Faulconbridge,Great Western Highway,ALL DAYS,28201,-33.706028,150.527969
650,Faulconbridge,Great Western Highway,AM PEAK,6349,-33.706028,150.527969
651,Faulconbridge,Great Western Highway,OFF PEAK,13469,-33.706028,150.527969
652,Faulconbridge,Great Western Highway,PM PEAK,7740,-33.706028,150.527969
653,Table Top,Hume Highway,ALL DAYS,12080,-35.967876,147.004715
654,Table Top,Hume Highway,AM PEAK,2200,-35.967876,147.004715
655,Table Top,Hume Highway,OFF PEAK,6900,-35.967876,147.004715
656,Table Top,Hume Highway,PM PEAK,3393,-35.967876,147.004715
657,Boggabilla,Newell Highway,ALL DAYS,3908,-28.567099,150.321335
658,Boggabilla,Newell Highway,AM PEAK,737,-28.567099,150.321335
659,Boggabilla,Newell Highway,OFF PEAK,2293,-28.567099,150.321335
660,Boggabilla,Newell Highway,PM PEAK,1139,-28.567099,150.321335
661,Broken Hill,Barrier Highway,ALL DAYS,492,-31.919672,141.534698
662,Broken Hill,Barrier Highway,AM PEAK,106,-31.919672,141.534698
663,Broken Hill,Barrier Highway,OFF PEAK,253,-31.919672,141.534698
664,Broken Hill,Barrier Highway,PM PEAK,123,-31.919672,141.534698
665,Balranald,Sturt Highway,ALL DAYS,1190,-34.674763,143.572067
666,Balranald,Sturt Highway,AM PEAK,215,-34.674763,143.572067
667,Balranald,Sturt Highway,OFF PEAK,705,-34.674763,143.572067
668,Balranald,Sturt Highway,PM PEAK,305,-34.674763,143.572067
669,Bendemeer,New England Highway,ALL DAYS,4476,-30.896273,151.154327
670,Bendemeer,New England Highway,AM PEAK,1049,-30.896273,151.154327
671,Bendemeer,New England Highway,OFF PEAK,2201,-30.896273,151.154327
672,Bendemeer,New England Highway,PM PEAK,1271,-30.896273,151.154327
673,Bargo,Avon Dam Road,ALL DAYS,34187,-34.309757,150.60141
674,Bargo,Avon Dam Road,AM PEAK,7163,-34.309757,150.60141
675,Bargo,Avon Dam Road,OFF PEAK,17159,-34.309757,150.60141
676,Bargo,Avon Dam Road,PM PEAK,8991,-34.309757,150.60141
677,Tannabar,Newell Highway,ALL DAYS,2781,-31.31538,149.303513
678,Tannabar,Newell Highway,AM PEAK,616,-31.31538,149.303513
679,Tannabar,Newell Highway,OFF PEAK,1498,-31.31538,149.303513
680,Tannabar,Newell Highway,PM PEAK,725,-31.31538,149.303513
681,Dundee,New England Highway,ALL DAYS,2220,-29.568588,151.865753
682,Dundee,New England Highway,AM PEAK,436,-29.568588,151.865753
683,Dundee,New England Highway,OFF PEAK,1223,-29.568588,151.865753
684,Dundee,New England Highway,PM PEAK,574,-29.568588,151.865753
685,North Wahroonga,Pacific Motorway,ALL DAYS,89145,-33.694206,151.121323
686,North Wahroonga,Pacific Motorway,AM PEAK,21622,-33.694206,151.121323
687,North Wahroonga,Pacific Motorway,OFF PEAK,43804,-33.694206,151.121323
688,North Wahroonga,Pacific Motorway,PM PEAK,23771,-33.694206,151.121323
689,Bar Point,Pacific Motorway,ALL DAYS,84653,-33.496265,151.187408
690,Bar Point,Pacific Motorway,AM PEAK,19709,-33.496265,151.187408
691,Bar Point,Pacific Motorway,OFF PEAK,42190,-33.496265,151.187408
692,Bar Point,Pacific Motorway,PM PEAK,23314,-33.496265,151.187408
693,Gundagai,Hume Highway,ALL DAYS,11218,-35.007648,148.111343
694,Gundagai,Hume Highway,AM PEAK,1695,-35.007648,148.111343
695,Gundagai,Hume Highway,OFF PEAK,6658,-35.007648,148.111343
696,Gundagai,Hume Highway,PM PEAK,2866,-35.007648,148.111343
697,Manton,Hume Highway,ALL DAYS,8616,-34.836449,149.007996
698,Manton,Hume Highway,AM PEAK,1279,-34.836449,149.007996
699,Manton,Hume Highway,OFF PEAK,5432,-34.836449,149.007996
700,Manton,Hume Highway,PM PEAK,2066,-34.836449,149.007996
701,Maclean,Pacific Highway,ALL DAYS,13950,-29.434345,153.240707
702,Maclean,Pacific Highway,AM PEAK,3196,-29.434345,153.240707
703,Maclean,Pacific Highway,OFF PEAK,7757,-29.434345,153.240707
704,Maclean,Pacific Highway,PM PEAK,3575,-29.434345,153.240707
705,Jerilderie,Newell Highway,ALL DAYS,1987,-35.350632,145.755707
706,Jerilderie,Newell Highway,AM PEAK,372,-35.350632,145.755707
707,Jerilderie,Newell Highway,OFF PEAK,1157,-35.350632,145.755707
708,Jerilderie,Newell Highway,PM PEAK,546,-35.350632,145.755707
709,Mount Keira,Mount Ousley Road Hvcs,ALL DAYS,53018,-34.390652,150.858108
710,Mount Keira,Mount Ousley Road Hvcs,AM PEAK,13545,-34.390652,150.858108
711,Mount Keira,Mount Ousley Road Hvcs,OFF PEAK,24906,-34.390652,150.858108
712,Mount Keira,Mount Ousley Road Hvcs,PM PEAK,15646,-34.390652,150.858108
713,Caragabal,Newell Highway,ALL DAYS,1869,-33.759418,147.523041
714,Caragabal,Newell Highway,AM PEAK,362,-33.759418,147.523041
715,Caragabal,Newell Highway,OFF PEAK,1071,-33.759418,147.523041
716,Caragabal,Newell Highway,PM PEAK,447,-33.759418,147.523041
717,Mulwala,Melbourne Street,ALL DAYS,9262,-36.003071,146.003235
718,Mulwala,Melbourne Street,AM PEAK,1897,-36.003071,146.003235
719,Mulwala,Melbourne Street,OFF PEAK,4756,-36.003071,146.003235
720,Mulwala,Melbourne Street,PM PEAK,2847,-36.003071,146.003235
721,Euroley,Sturt Highway,ALL DAYS,1250,-34.696266,146.341217
722,Euroley,Sturt Highway,AM PEAK,278,-34.696266,146.341217
723,Euroley,Sturt Highway,OFF PEAK,681,-34.696266,146.341217
724,Euroley,Sturt Highway,PM PEAK,337,-34.696266,146.341217
725,Nyngan,Mitchell Highway,ALL DAYS,1184,-31.568691,147.209168
726,Nyngan,Mitchell Highway,AM PEAK,302,-31.568691,147.209168
727,Nyngan,Mitchell Highway,OFF PEAK,601,-31.568691,147.209168
728,Nyngan,Mitchell Highway,PM PEAK,340,-31.568691,147.209168
729,Jones Island,Pacific Highway,ALL DAYS,17173,-31.860619,152.600388
730,Jones Island,Pacific Highway,AM PEAK,3736,-31.860619,152.600388
731,Jones Island,Pacific Highway,OFF PEAK,9271,-31.860619,152.600388
732,Jones Island,Pacific Highway,PM PEAK,4403,-31.860619,152.600388
733,Hornsby Heights,Galston Road,ALL DAYS,5782,-33.665455,151.090271
734,Hornsby Heights,Galston Road,AM PEAK,1963,-33.665455,151.090271
735,Hornsby Heights,Galston Road,OFF PEAK,2205,-33.665455,151.090271
736,Hornsby Heights,Galston Road,PM PEAK,2164,-33.665455,151.090271
737,Boggabilla,Newell Highway,ALL DAYS,3908,-28.566883,150.321152
738,Boggabilla,Newell Highway,AM PEAK,738,-28.566883,150.321152
739,Boggabilla,Newell Highway,OFF PEAK,2294,-28.566883,150.321152
740,Boggabilla,Newell Highway,PM PEAK,1138,-28.566883,150.321152
741,Jerilderie,Newell Highway,ALL DAYS,1989,-35.350391,145.756058
742,Jerilderie,Newell Highway,AM PEAK,373,-35.350391,145.756058
743,Jerilderie,Newell Highway,OFF PEAK,1155,-35.350391,145.756058
744,Jerilderie,Newell Highway,PM PEAK,546,-35.350391,145.756058
745,Balranald,Sturt Highway,ALL DAYS,1191,-34.6745,143.571899
746,Balranald,Sturt Highway,AM PEAK,215,-34.6745,143.571899
747,Balranald,Sturt Highway,OFF PEAK,705,-34.6745,143.571899
748,Balranald,Sturt Highway,PM PEAK,305,-34.6745,143.571899
749,Euroley,Sturt Highway,ALL DAYS,1253,-34.69595,146.340912
750,Euroley,Sturt Highway,AM PEAK,278,-34.69595,146.340912
751,Euroley,Sturt Highway,OFF PEAK,682,-34.69595,146.340912
752,Euroley,Sturt Highway,PM PEAK,339,-34.69595,146.340912
753,Dundee,New England Highway,ALL DAYS,2223,-29.56786,151.865753
754,Dundee,New England Highway,AM PEAK,437,-29.56786,151.865753
755,Dundee,New England Highway,OFF PEAK,1222,-29.56786,151.865753
756,Dundee,New England Highway,PM PEAK,577,-29.56786,151.865753
757,Maclean,Pacific Highway,ALL DAYS,13903,-29.434433,153.240707
758,Maclean,Pacific Highway,AM PEAK,3188,-29.434433,153.240707
759,Maclean,Pacific Highway,OFF PEAK,7716,-29.434433,153.240707
760,Maclean,Pacific Highway,PM PEAK,3565,-29.434433,153.240707
761,Marulan,Hume Highway,ALL DAYS,20691,-34.704567,150.014954
762,Marulan,Hume Highway,AM PEAK,3650,-34.704567,150.014954
763,Marulan,Hume Highway,OFF PEAK,9650,-34.704567,150.014954
764,Marulan,Hume Highway,PM PEAK,5373,-34.704567,150.014954
765,Blackheath,Great Western Highway Hvcs,ALL DAYS,12776,-33.617626,150.274033
766,Blackheath,Great Western Highway Hvcs,AM PEAK,2652,-33.617626,150.274033
767,Blackheath,Great Western Highway Hvcs,OFF PEAK,6094,-33.617626,150.274033
768,Blackheath,Great Western Highway Hvcs,PM PEAK,3486,-33.617626,150.274033
769,Galston,Galston Road,ALL DAYS,6087,-33.654926,151.060974
770,Galston,Galston Road,AM PEAK,2031,-33.654926,151.060974
771,Galston,Galston Road,OFF PEAK,2335,-33.654926,151.060974
772,Galston,Galston Road,PM PEAK,2247,-33.654926,151.060974
773,Galston,Galston Road,ALL DAYS,5800,-33.65556,151.063828
774,Galston,Galston Road,AM PEAK,1960,-33.65556,151.063828
775,Galston,Galston Road,OFF PEAK,2218,-33.65556,151.063828
776,Galston,Galston Road,PM PEAK,2153,-33.65556,151.063828
777,Hornsby,Galston Road,ALL DAYS,17281,-33.689632,151.097748
778,Hornsby,Galston Road,AM PEAK,4977,-33.689632,151.097748
779,Hornsby,Galston Road,OFF PEAK,7370,-33.689632,151.097748
780,Hornsby,Galston Road,PM PEAK,5909,-33.689632,151.097748
781,Bell,Bells Line Of Road,ALL DAYS,3162,-33.511532,150.284225
782,Bell,Bells Line Of Road,AM PEAK,548,-33.511532,150.284225
783,Bell,Bells Line Of Road,OFF PEAK,1503,-33.511532,150.284225
784,Bell,Bells Line Of Road,PM PEAK,798,-33.511532,150.284225
785,Mount White,Pacific Motorway,ALL DAYS,77732,-33.454525,151.206726
786,Mount White,Pacific Motorway,AM PEAK,17524,-33.454525,151.206726
787,Mount White,Pacific Motorway,OFF PEAK,36925,-33.454525,151.206726
788,Mount White,Pacific Motorway,PM PEAK,22167,-33.454525,151.206726
789,Blackheath,Great Western Highway Hvcs,ALL DAYS,12471,-33.616264,150.273102
790,Blackheath,Great Western Highway Hvcs,AM PEAK,2538,-33.616264,150.273102
791,Blackheath,Great Western Highway Hvcs,OFF PEAK,6009,-33.616264,150.273102
792,Blackheath,Great Western Highway Hvcs,PM PEAK,3366,-33.616264,150.273102
793,Bargo,Remembrance Driveway,ALL DAYS,4748,-34.313366,150.586014
794,Bargo,Remembrance Driveway,AM PEAK,1265,-34.313366,150.586014
795,Bargo,Remembrance Driveway,OFF PEAK,2278,-34.313366,150.586014
796,Bargo,Remembrance Driveway,PM PEAK,1485,-34.313366,150.586014
797,Bargo,Avon Dam Road,ALL DAYS,4700,-34.308601,150.599533
798,Bargo,Avon Dam Road,AM PEAK,1320,-34.308601,150.599533
799,Bargo,Avon Dam Road,OFF PEAK,2220,-34.308601,150.599533
800,Bargo,Avon Dam Road,PM PEAK,1537,-34.308601,150.599533
801,Marulan,Jaorimin Road,ALL DAYS,330,-34.690311,149.999191
802,Marulan,Jaorimin Road,AM PEAK,114,-34.690311,149.999191
803,Marulan,Jaorimin Road,OFF PEAK,202,-34.690311,149.999191
804,Marulan,Jaorimin Road,PM PEAK,60,-34.690311,149.999191
805,Biddon,Newell Highway,ALL DAYS,1807,-31.616983,148.746139
806,Biddon,Newell Highway,AM PEAK,394,-31.616983,148.746139
807,Biddon,Newell Highway,OFF PEAK,997,-31.616983,148.746139
808,Biddon,Newell Highway,PM PEAK,448,-31.616983,148.746139
809,Coonabarabran,Newell Highway,ALL DAYS,1622,-31.236635,149.31575
810,Coonabarabran,Newell Highway,AM PEAK,312,-31.236635,149.31575
811,Coonabarabran,Newell Highway,OFF PEAK,914,-31.236635,149.31575
812,Coonabarabran,Newell Highway,PM PEAK,395,-31.236635,149.31575
813,Chinderah,Pacific Motorway,ALL DAYS,39113,-28.245531,153.546005
814,Chinderah,Pacific Motorway,AM PEAK,9089,-28.245531,153.546005
815,Chinderah,Pacific Motorway,OFF PEAK,19596,-28.245531,153.546005
816,Chinderah,Pacific Motorway,PM PEAK,10897,-28.245531,153.546005
817,Tomingley,Newell Highway,ALL DAYS,2652,-32.57792282,148.2220154
818,Tomingley,Newell Highway,AM PEAK,610,-32.57792282,148.2220154
819,Tomingley,Newell Highway,OFF PEAK,1407,-32.57792282,148.2220154
820,Tomingley,Newell Highway,PM PEAK,699,-32.57792282,148.2220154
